{
  "POST /predict" : {
    "transaction" : "POST /predict",
    "sampleCount" : 50,
    "errorCount" : 0,
    "errorPct" : 0.0,
    "meanResTime" : 24.039999999999996,
    "medianResTime" : 18.0,
    "minResTime" : 16.0,
    "maxResTime" : 133.0,
    "pct1ResTime" : 36.49999999999999,
    "pct2ResTime" : 60.89999999999999,
    "pct3ResTime" : 133.0,
    "throughput" : 5.5561729081008995,
    "receivedKBytesPerSec" : 1.7959894849427713,
    "sentKBytesPerSec" : 178.36541299727747
  },
  "Total" : {
    "transaction" : "Total",
    "sampleCount" : 50,
    "errorCount" : 0,
    "errorPct" : 0.0,
    "meanResTime" : 24.039999999999996,
    "medianResTime" : 18.0,
    "minResTime" : 16.0,
    "maxResTime" : 133.0,
    "pct1ResTime" : 36.49999999999999,
    "pct2ResTime" : 60.89999999999999,
    "pct3ResTime" : 133.0,
    "throughput" : 5.5561729081008995,
    "receivedKBytesPerSec" : 1.7959894849427713,
    "sentKBytesPerSec" : 178.36541299727747
  }
}