{
  "POST /predict" : {
    "transaction" : "POST /predict",
    "sampleCount" : 50,
    "errorCount" : 0,
    "errorPct" : 0.0,
    "meanResTime" : 20.199999999999996,
    "medianResTime" : 18.0,
    "minResTime" : 15.0,
    "maxResTime" : 53.0,
    "pct1ResTime" : 28.0,
    "pct2ResTime" : 37.29999999999994,
    "pct3ResTime" : 53.0,
    "throughput" : 5.55000555000555,
    "receivedKBytesPerSec" : 1.7939959346209347,
    "sentKBytesPerSec" : 178.18401216838717
  },
  "Total" : {
    "transaction" : "Total",
    "sampleCount" : 50,
    "errorCount" : 0,
    "errorPct" : 0.0,
    "meanResTime" : 20.199999999999996,
    "medianResTime" : 18.0,
    "minResTime" : 15.0,
    "maxResTime" : 53.0,
    "pct1ResTime" : 28.0,
    "pct2ResTime" : 37.29999999999994,
    "pct3ResTime" : 53.0,
    "throughput" : 5.55000555000555,
    "receivedKBytesPerSec" : 1.7939959346209347,
    "sentKBytesPerSec" : 178.18401216838717
  }
}